{
    "HMvDRCalib": {
        "layer_calibs": [
            0.0,
            2.0,
            0.77,
            1.0,
            1.19,
            0.93,
            1.02,
            0.54,
            1.51,
            1.08,
            0.8,
            0.73,
            1.36,
            2.0
        ],
        "eta_calibs": [
            -44.473629,
            81.529419
        ]
    },
    "HMvDRcylind10Calib": {
        "layer_calibs": [
            1.0,
            0.99,
            1.03,
            1.07,
            0.94,
            0.96,
            1.09,
            1.03,
            0.8,
            1.02,
            0.9,
            1.08,
            1.5,
            1.83
        ]
    },
    "HMvDRcylind5Calib": {
        "layer_calibs": [
            1.0,
            0.98,
            1.05,
            1.09,
            0.96,
            0.97,
            1.11,
            1.06,
            0.83,
            1.04,
            0.92,
            1.08,
            1.5,
            1.89
        ]
    },
    "HMvDRcylind2p5Calib": {
        "layer_calibs": [
            1.0,
            0.87,
            1.16,
            1.21,
            1.06,
            1.04,
            1.25,
            1.15,
            0.97,
            1.11,
            1.01,
            1.15,
            1.64,
            2.15
        ]
    },
    "HMvDRshapeCalib": {
        "layer_calibs": [
            1.0,
            1.38,
            1.05,
            1.07,
            0.96,
            0.97,
            1.11,
            1.04,
            0.81,
            1.02,
            0.9,
            1.07,
            1.52,
            1.84
        ]
    },
    "HMvDRshapeDrCalib": {
        "layer_calibs": [
            0.0,
            2.0,
            0.74,
            1.09,
            1.18,
            0.91,
            1.1,
            0.5,
            1.51,
            1.13,
            0.93,
            0.72,
            1.29,
            1.94
        ],
        "eta_calibs": [
            -34.431755,
            66.722359
        ]
    },
    "HMvDRshapeDtDuCalib": {
        "layer_calibs": [
            0.0,
            1.53,
            0.83,
            1.26,
            1.05,
            0.98,
            1.19,
            1.07,
            1.04,
            0.89,
            1.27,
            1.07,
            1.34,
            1.8
        ],
        "eta_calibs": [
            -14.5587,
            34.5388
        ]
    }
}