{
    "HMvDRCalib": {
        "layer_calibs": [
            0.0,
            2.0,
            2.0,
            0.58,
            0.5,
            1.89,
            0.5,
            1.18,
            1.31,
            0.69,
            0.67,
            0.74,
            2.0,
            2.0
        ],
        "eta_calibs": [
            -54.758102,
            94.331688
        ]
    },
    "HMvDRcylind10Calib": {
        "layer_calibs": [
            1.0,
            0.99,
            1.03,
            1.07,
            0.94,
            0.96,
            1.09,
            1.03,
            0.8,
            1.02,
            0.9,
            1.08,
            1.5,
            1.83
        ]
    },
    "HMvDRcylind5Calib": {
        "layer_calibs": [
            1.0,
            0.98,
            1.05,
            1.09,
            0.96,
            0.97,
            1.11,
            1.06,
            0.83,
            1.04,
            0.92,
            1.08,
            1.5,
            1.89
        ]
    },
    "HMvDRcylind2p5Calib": {
        "layer_calibs": [
            1.0,
            0.87,
            1.16,
            1.21,
            1.06,
            1.04,
            1.25,
            1.15,
            0.97,
            1.11,
            1.01,
            1.15,
            1.64,
            2.15
        ]
    },
    "HMvDRshapeCalib": {
        "layer_calibs": [
            1.0,
            1.38,
            1.05,
            1.07,
            0.96,
            0.97,
            1.11,
            1.04,
            0.81,
            1.02,
            0.9,
            1.07,
            1.52,
            1.84
        ]
    },
    "HMvDRshapeDrCalib": {
        "layer_calibs": [
            0.0,
            2.0,
            2.0,
            0.63,
            0.5,
            1.91,
            0.5,
            1.3,
            1.27,
            0.66,
            0.76,
            0.78,
            2.0,
            2.0
        ],
        "eta_calibs": [
            -43.074539,
            76.823082
        ]
    },
    "HMvDRshapeDtDuCalib": {
        "layer_calibs": [
            0.0,
            1.53,
            0.83,
            1.26,
            1.05,
            0.98,
            1.19,
            1.07,
            1.04,
            0.89,
            1.27,
            1.07,
            1.34,
            1.8
        ],
        "eta_calibs": [
            -14.5587,
            34.5388
        ]
    }
}