{"eta_l":{"0":1.6,"1":1.6,"2":1.6,"3":1.6,"4":1.6,"5":1.6,"6":1.6,"7":1.6,"8":1.6,"9":1.6,"10":1.7,"11":1.7,"12":1.7,"13":1.7,"14":1.7,"15":1.7,"16":1.7,"17":1.7,"18":1.7,"19":1.7,"20":1.9,"21":1.9,"22":1.9,"23":1.9,"24":1.9,"25":1.9,"26":1.9,"27":1.9,"28":1.9,"29":1.9,"30":2.1,"31":2.1,"32":2.1,"33":2.1,"34":2.1,"35":2.1,"36":2.1,"37":2.1,"38":2.1,"39":2.1,"40":2.4,"41":2.4,"42":2.4,"43":2.4,"44":2.4,"45":2.4,"46":2.4,"47":2.4,"48":2.4,"49":2.4},"eta_h":{"0":1.7,"1":1.7,"2":1.7,"3":1.7,"4":1.7,"5":1.7,"6":1.7,"7":1.7,"8":1.7,"9":1.7,"10":1.9,"11":1.9,"12":1.9,"13":1.9,"14":1.9,"15":1.9,"16":1.9,"17":1.9,"18":1.9,"19":1.9,"20":2.1,"21":2.1,"22":2.1,"23":2.1,"24":2.1,"25":2.1,"26":2.1,"27":2.1,"28":2.1,"29":2.1,"30":2.4,"31":2.4,"32":2.4,"33":2.4,"34":2.4,"35":2.4,"36":2.4,"37":2.4,"38":2.4,"39":2.4,"40":2.8,"41":2.8,"42":2.8,"43":2.8,"44":2.8,"45":2.8,"46":2.8,"47":2.8,"48":2.8,"49":2.8},"pt_l":{"0":4.0,"1":10.0,"2":14.0,"3":18.0,"4":22.0,"5":26.0,"6":30.0,"7":34.0,"8":38.0,"9":42.0,"10":4.0,"11":10.0,"12":14.0,"13":18.0,"14":22.0,"15":26.0,"16":30.0,"17":34.0,"18":38.0,"19":42.0,"20":4.0,"21":10.0,"22":14.0,"23":18.0,"24":22.0,"25":26.0,"26":30.0,"27":34.0,"28":38.0,"29":42.0,"30":4.0,"31":10.0,"32":14.0,"33":18.0,"34":22.0,"35":26.0,"36":30.0,"37":34.0,"38":38.0,"39":42.0,"40":4.0,"41":10.0,"42":14.0,"43":18.0,"44":22.0,"45":26.0,"46":30.0,"47":34.0,"48":38.0,"49":42.0},"pt_h":{"0":10.0,"1":14.0,"2":18.0,"3":22.0,"4":26.0,"5":30.0,"6":34.0,"7":38.0,"8":42.0,"9":100.0,"10":10.0,"11":14.0,"12":18.0,"13":22.0,"14":26.0,"15":30.0,"16":34.0,"17":38.0,"18":42.0,"19":100.0,"20":10.0,"21":14.0,"22":18.0,"23":22.0,"24":26.0,"25":30.0,"26":34.0,"27":38.0,"28":42.0,"29":100.0,"30":10.0,"31":14.0,"32":18.0,"33":22.0,"34":26.0,"35":30.0,"36":34.0,"37":38.0,"38":42.0,"39":100.0,"40":10.0,"41":14.0,"42":18.0,"43":22.0,"44":26.0,"45":30.0,"46":34.0,"47":38.0,"48":42.0,"49":100.0},"calib":{"0":0.7789161074,"1":0.8200973523,"2":0.8957176666,"3":0.9388893713,"4":0.9315781682,"5":0.9713559332,"6":0.9391629345,"7":0.9577314686,"8":0.9425587151,"9":0.9670160164,"10":0.8469515512,"11":0.8877118706,"12":0.906317489,"13":0.9432625544,"14":0.9399265537,"15":0.9429478773,"16":0.9497225248,"17":0.9442299674,"18":0.9422303213,"19":0.9607127351,"20":0.865721645,"21":0.9041669483,"22":0.9192477704,"23":0.9331127026,"24":0.9384911695,"25":0.9427626271,"26":0.941647028,"27":0.9384932857,"28":0.9405878113,"29":0.957647418,"30":0.876236829,"31":0.906253903,"32":0.9133750875,"33":0.9184617671,"34":0.9240293116,"35":0.9339289646,"36":0.9400364353,"37":0.9359336009,"38":0.9399555006,"39":0.960463275,"40":0.8585738333,"41":0.8876373906,"42":0.9075841113,"43":0.9173030533,"44":0.9284978311,"45":0.9288930209,"46":0.9351657518,"47":0.9406837491,"48":0.9426828373,"49":0.9583542935}}