{"eta_l":{"0":1.52,"1":1.52,"2":1.52,"3":1.52,"4":1.52,"5":1.7,"6":1.7,"7":1.7,"8":1.7,"9":1.7,"10":2.4,"11":2.4,"12":2.4,"13":2.4,"14":2.4},"eta_h":{"0":1.7,"1":1.7,"2":1.7,"3":1.7,"4":1.7,"5":2.4,"6":2.4,"7":2.4,"8":2.4,"9":2.4,"10":2.8,"11":2.8,"12":2.8,"13":2.8,"14":2.8},"pt_l":{"0":0.0,"1":10.0,"2":20.0,"3":30.0,"4":40.0,"5":0.0,"6":10.0,"7":20.0,"8":30.0,"9":40.0,"10":0.0,"11":10.0,"12":20.0,"13":30.0,"14":40.0},"pt_h":{"0":10.0,"1":20.0,"2":30.0,"3":40.0,"4":100.0,"5":10.0,"6":20.0,"7":30.0,"8":40.0,"9":100.0,"10":10.0,"11":20.0,"12":30.0,"13":40.0,"14":100.0},"calib":{"0":0.8908346908,"1":0.8767384588,"2":0.9469483071,"3":0.9483022744,"4":0.9705686671,"5":0.8543136907,"6":0.9063253524,"7":0.9349743481,"8":0.9432607463,"9":0.9624022467,"10":0.8469014319,"11":0.8984676501,"12":0.9223955803,"13":0.9347644518,"14":0.9492732895}}